genome,cluster,score
GTX0493.bin.23.fa,1_1,68.07740971809709
GTX0468.bin.53.fa,1_2,67.89509579028766
GTX0465.bin.1.fa,1_3,69.76471199630708
coassembly.bin.195.fa,1_4,70.08385061748568
GTX0486_487.bin.100.fa,2_1,98.1553373402876
GTX0494.bin.19.fa,3_1,99.09310809926552
GTX0466.bin.15.fa,4_1,102.47314675973027
coassembly.bin.76.fa,5_1,79.49270399290458
coassembly.bin.378.fa,6_1,90.02717047118253
coassembly.bin.64.fa,7_0,60.87045753824064
coassembly.bin.376.fa,8_0,87.36704331354159
