genome,score
bin.321.fa,63.16270651483366
bin.46.fa,63.810752606180245
bin.1.fa,57.98996986140096
bin.195.fa,70.08385061748568
bin.142.fa,97.52477159359972
bin.76.fa,79.49270399290458
bin.335.fa,81.8416619238094
bin.378.fa,90.02717047118253
bin.64.fa,60.87045753824064
bin.10.fa,93.65364746426296
bin.376.fa,87.36704331354159
