genome,cluster,score
bin.321.fa,1_1,63.16270651483366
bin.46.fa,1_2,63.810752606180245
bin.1.fa,1_3,57.98996986140096
bin.195.fa,1_4,70.08385061748568
bin.142.fa,2_0,97.52477159359972
bin.76.fa,3_0,79.49270399290458
bin.335.fa,4_0,81.8416619238094
bin.378.fa,5_0,90.02717047118253
bin.64.fa,6_0,60.87045753824064
bin.10.fa,7_0,93.65364746426296
bin.376.fa,8_0,87.36704331354159
